x_axis,mean_cumulated_mixed_spectral_ucrl_regret,lower_bound_mixed,upper_bound_mixed,mean_cumulated_seeu_regret,lower_bound_seeu,upper_bound_seeu,mean_cumulated_smucrl_regret,lower_bound_smucrl,upper_bound_smucrl
0.0,1.3333333333333333e-05,2.751974584450433e-05,-8.530791778376623e-07,1.3333333333333333e-05,2.751974584450433e-05,-8.530791778376623e-07,2e-05,3.4186412511170995e-05,5.813587488829006e-06
0.02,0.019593333333333254,0.020733079373348968,0.01845358729331754,0.020099999999999927,0.02090532104253348,0.019294678957466373,0.019693333333333254,0.020743654924611478,0.018643011742055033
0.04,0.04210000000000033,0.04328426808733815,0.04091573191266251,0.04206000000000028,0.04374504336261007,0.04037495663739048,0.04115333333333362,0.043150250421182194,0.039156416245485035
0.06,0.062273333333333326,0.06391286163656863,0.06063380503009802,0.0627466666666666,0.06461366269272976,0.06087967064060344,0.06086666666666667,0.06293807721859954,0.05879525611473381
0.08,0.08339999999999882,0.08583994954046358,0.08096005045953406,0.08361333333333205,0.08532952282345395,0.08189714384321015,0.08247333333333218,0.08420400298187539,0.08074266368478897
0.1,0.10407999999999817,0.10753723047534866,0.1006227695246477,0.10499999999999811,0.10691020057632471,0.10308979942367152,0.1042066666666647,0.10618745006998011,0.10222588326334932
0.12,0.12281333333333391,0.1260173236851307,0.11960934298153714,0.11747333333333368,0.1206021409040115,0.11434452576265584,0.12428666666666727,0.1255613535264657,0.12301197980686884
0.14,0.14237333333333632,0.14635154716932885,0.1383951194973438,0.12714000000000242,0.13521132695231367,0.11906867304769117,0.14452666666666963,0.1454349295005687,0.1436184038327706
0.16,0.16338666666667231,0.167551345332639,0.15922198800070564,0.13966000000000472,0.1521601605817217,0.12715983941828773,0.1645666666666723,0.16566124055833667,0.16347209277500793
0.18,0.18290000000000822,0.1868079961769007,0.17899200382311575,0.14982666666667332,0.16741577089914514,0.13223756243420154,0.1822533333333414,0.18341446541543469,0.1810922012512481
0.2,0.20440000000000946,0.20816035276238648,0.20063964723763242,0.16312666666667527,0.1840008151482372,0.14225251818511336,0.2021666666666771,0.20431184855919804,0.20002148477415618
0.22,0.22460000000000604,0.22855303881875616,0.22064696118125593,0.1753466666666756,0.19969929404985468,0.1509940392834965,0.22262000000000712,0.2252727690505534,0.21996723094946083
0.24,0.2433466666666679,0.24748782664134528,0.2392055066919905,0.18585333333333987,0.21419269770437513,0.15751396896230463,0.2417866666666689,0.2443216469954592,0.2392516863378786
0.26,0.2643733333333295,0.2683819739872228,0.2603646926794362,0.19897333333333797,0.2318747337684779,0.16607193289819808,0.262186666666664,0.26431535547281804,0.26005797786051
0.28,0.285486666666658,0.28926930803325906,0.2817040253000569,0.21283333333333612,0.2489288925469564,0.17673777411971583,0.283386666666659,0.285811894982926,0.2809614383503921
0.3,0.30633999999998657,0.30937232285975685,0.30330767714021634,0.22576000000000082,0.26594455256530247,0.1855754474346992,0.30335333333332054,0.30754560125750147,0.2991610654091396
0.32,0.31716666666664706,0.32227349192714505,0.31205984140614906,0.23705999999999777,0.28302104748504414,0.19109895251495135,0.32325999999997934,0.3274071211540454,0.3191128788459133
0.34,0.32825333333330753,0.3346092736162724,0.3218973930503427,0.24859999999999433,0.2984928748870668,0.19870712511292185,0.3408733333333047,0.34614067064155984,0.3356059960250496
0.36,0.33991333333330137,0.35049532732663313,0.32933133933996966,0.26219999999999183,0.3165679649510248,0.20783203504895884,0.36113999999996377,0.36628716350438,0.3559928364955475
0.38,0.35307333333329494,0.36637396229691926,0.3397727043696706,0.2756533333333228,0.333795867988757,0.21751079867788867,0.38071333333328994,0.3859811983627832,0.37544546830379666
0.4,0.36659999999995974,0.38248656918968277,0.35071343081023665,0.28809999999998703,0.349960688074172,0.22623931192580202,0.39967999999995074,0.4059225111587023,0.3934374888411991
0.42,0.38176666666662945,0.3999280729568479,0.363605260376411,0.3086933333333215,0.37071988080922913,0.24666678585741392,0.41960666666662155,0.42641568655366974,0.41279764677957337
0.44,0.3962799999999652,0.41756859450845885,0.3749914054914716,0.32949999999998825,0.39129575378275394,0.2677042462172225,0.4385933333333027,0.4456698278145871,0.4315168388520183
0.46,0.4147133333333033,0.4413989722000359,0.3880276944665707,0.3491466666666555,0.4103845069259235,0.2879088264073876,0.45545333333331883,0.463255389469306,0.44765127719733167
0.48,0.43698666666664276,0.4686829439515357,0.40529038938174977,0.3716333333333239,0.4334681915543739,0.3097984751122739,0.4760133333333348,0.48433631699766494,0.46769034966900463
0.5,0.45529999999998133,0.49428196035069893,0.4163180396492638,0.39272666666665806,0.4532509785411801,0.332202354792136,0.4939733333333498,0.5012550148374362,0.48669165182926344
0.52,0.47599999999998666,0.5217311555290092,0.4302688444709641,0.40802666666666243,0.46881878428258134,0.3472345490507435,0.5129800000000314,0.5199056505415123,0.5060543494585505
0.54,0.49159333333332517,0.5423037525372717,0.4408829141293786,0.4245066666666676,0.48701171725086406,0.36200161608247106,0.5307866666667109,0.5380976137429431,0.5234757195904788
0.56,0.504486666666663,0.5593024242183154,0.44967090911501045,0.4408533333333392,0.5047925944151288,0.3769140722515496,0.5517266666667245,0.558763080794465,0.544690252538984
0.58,0.5177266666666711,0.5757610238087447,0.4596923095245975,0.4556733333333441,0.5215506166255478,0.38979605004114043,0.5691333333334053,0.576474065037002,0.5617926016298086
0.6,0.5303400000000125,0.5928803236966871,0.46779967630333774,0.47214000000001644,0.5399071441083076,0.4043728558917252,0.5874533333334201,0.5947217812747375,0.5801848853921028
0.62,0.5414066666666857,0.6054478467858857,0.4773654865474857,0.489946666666688,0.5598779496915846,0.4200153836417914,0.6078066666667667,0.6159260365093493,0.5996872968241843
0.64,0.5536800000000227,0.621118509355271,0.48624149064477434,0.5047200000000326,0.576894376277994,0.4325456237220713,0.6280133333334468,0.635513745775191,0.6205129208917024
0.66,0.5652600000000271,0.6368754025874299,0.4936445974126242,0.5209800000000476,0.5952316991767748,0.44672830082332055,0.6497333333334607,0.6562751867706905,0.6431914798962309
0.68,0.5733333333333649,0.6493589734939759,0.4973076931727539,0.5363133333333965,0.6131209936078746,0.4595056730589182,0.6694933333334746,0.676945871508564,0.6620407951583851
0.7,0.5844466666667024,0.6643958386449516,0.5044974946884532,0.5516333333334115,0.6301452518599635,0.4731214148068595,0.688980000000154,0.6970402718506887,0.6809197281496193
0.72,0.5952266666667062,0.6772690076211204,0.513184325712292,0.5674800000000935,0.6480601472531882,0.4868998527469988,0.707540000000165,0.7144316385190731,0.700648361481257
0.74,0.6032733333333733,0.6888906426536758,0.5176560240130708,0.5820200000001089,0.6639597016810012,0.5000802983192165,0.7238133333335091,0.7326910030897351,0.714935663577283
0.76,0.6096600000000391,0.6951227638061429,0.5241972361939352,0.5971733333334573,0.6806650401737806,0.513681626493134,0.7407666666668534,0.7526777261601476,0.7288556071735592
0.78,0.6144066666667062,0.6976142326155271,0.5311991007178852,0.6113600000001257,0.697412395586976,0.5253076044132755,0.7575800000001987,0.7724781674277252,0.7426818325726721
0.8,0.6194666666667077,0.699639786465979,0.5392935468674364,0.6253800000001285,0.7131540693535898,0.5376059306466672,0.7717866666668747,0.7897866981644516,0.7537866351692978
0.82,0.6239266666667082,0.7009974890205051,0.5468558443129113,0.6416800000001313,0.7310298595727827,0.5523301404274799,0.7873600000002136,0.8088352761551856,0.7658847238452415
0.84,0.6295866666667079,0.7054578515230284,0.5537154818103875,0.6593333333334666,0.7515590567712565,0.5671076098956767,0.8022066666668763,0.8290610795044502,0.7753522538293026
0.86,0.6348200000000419,0.7091050401885926,0.5605349598114913,0.6748800000001243,0.7701381576204123,0.5796218423798363,0.8163200000001992,0.847681359515039,0.7849586404853595
0.88,0.6426866666667097,0.715244103380817,0.5701292299526024,0.6920866666667813,0.7895859336448726,0.5945873996886899,0.8308933333335202,0.8664464746337548,0.7953401920332858
0.9,0.6480866666667096,0.7190645556833183,0.5771087776501007,0.7077000000001046,0.8077375313171147,0.6076624686830946,0.8465000000001742,0.8862112805383476,0.8067887194620009
0.92,0.6531800000000438,0.7223111261592948,0.584048873840793,0.7234066666667631,0.8251974260348878,0.6216159072986382,0.8613800000001621,0.9044919912078503,0.8182680087924741
0.94,0.6576733333333779,0.7258537925197452,0.5894928741470103,0.7426333333334265,0.844321986362023,0.64094468030483,0.8762333333334831,0.9233357866979419,0.8291308799690243
0.96,0.6623800000000452,0.7288313273634449,0.5959286726366453,0.7631733333334252,0.865442008266077,0.6609046584007733,0.8919266666668049,0.9435242579343852,0.8403290753992245
0.98,0.6686200000000455,0.7338313412709753,0.6034086587291159,0.7834666666667555,0.8868368639559867,0.6800964693775242,0.9074400000001233,0.964070567326288,0.8508094326739585
1.0,0.6744466666667135,0.7393161753022941,0.6095771580311328,0.8042866666667537,0.907568132730363,0.7010052006031445,0.9215800000001128,0.9818581304051819,0.8613018695950435
1.02,0.6789600000000495,0.7432399694534372,0.6146800305466619,0.8245466666667515,0.927922590563477,0.721170742770026,0.9358066666667666,1.0017457749050107,0.8698675584285225
1.04,0.6840200000000511,0.7465291740168792,0.621510825983223,0.8381266666667423,0.9414848466980031,0.7347684866354814,0.9520800000000874,1.0225627590783561,0.8815972409218188
1.06,0.6896000000000538,0.7509268589500389,0.6282731410500688,0.8510066666667316,0.9534592435711791,0.7485540897622843,0.9681200000000743,1.0420184066069884,0.8942215933931602
1.08,0.6943400000000567,0.7553609918650114,0.633319008135102,0.8600666666667206,0.9640007417868212,0.75613259154662,0.9816066666667237,1.0600191739581748,0.9031941593752725
1.1,0.6991666666667262,0.7595682761399652,0.6387650571934872,0.8712933333333752,0.9757495365846336,0.766837130082117,0.9974333333333721,1.0804510107251255,0.9144156559416188
1.12,0.705080000000062,0.7643489121324697,0.6458110878676543,0.88080000000003,0.9864861489272998,0.7751138510727601,1.0133333333333532,1.1012103747175226,0.9254562919491839
1.14,0.710526666666732,0.7710823434982674,0.6499709898351966,0.890506666666686,0.9969032983440784,0.7841100349892938,1.028439999999996,1.1207610321921029,0.9361189678078891
1.16,0.7151800000000701,0.7750239971170813,0.655336002883059,0.9014600000000084,1.0083429025428172,0.7945770974571995,1.0445599999999686,1.1414750687742954,0.9476449312256419
1.18,0.7190333333334074,0.778851609038285,0.6592150576285297,0.9110199999999984,1.0193214000498538,0.802718599950143,1.0592333333332764,1.1613192638037884,0.9571474028627645
1.2,0.7224000000000784,0.7809005203412963,0.6638994796588605,0.9192399999999862,1.0290407664852563,0.8094392335147158,1.071553333333251,1.17877189058018,0.964334776086322
1.22,0.7267533333334153,0.7849454767445272,0.6685611899223034,0.9299466666666408,1.0406494936175534,0.8192438397157282,1.0877266666665597,1.200091851292404,0.9753614820407154
1.24,0.7326933333334206,0.7901007591929795,0.6752859074738616,0.9410666666666296,1.0526714503570664,0.8294618829761928,1.1035466666665354,1.220374064645523,0.9867192686875478
1.26,0.7380133333334253,0.7947880532012046,0.6812386134656461,0.9502999999999518,1.062449516891296,0.8381504831086076,1.117593333333174,1.238945000424391,0.9962416662419571
1.28,0.7430133333334292,0.7987760686991231,0.6872505979677354,0.9615133333332744,1.073905401106654,0.8491212655598948,1.1326999999998146,1.2581762794759317,1.0072237205236976
1.3,0.7489600000000998,0.8046197158233672,0.6933002841768324,0.9710466666665974,1.0846210889754637,0.8574722443577312,1.1471933333331252,1.2776855397138567,1.0167011269523938
1.32,0.7539066666667704,0.8104262819561721,0.6973870513773688,0.9823799999999202,1.0967014808377669,0.8680585191620735,1.1619066666664366,1.2967885118706832,1.02702482146219
1.34,0.7587533333334407,0.8153074034214008,0.7021992632454808,0.9926733333332431,1.108472735764922,0.8768739309015642,1.1753333333330835,1.3148803868658092,1.0357862798003579
1.36,0.7628600000001114,0.8191848116590594,0.7065351883411635,1.0023066666665648,1.118801350338523,0.8858119829946063,1.1875666666663982,1.3318054972008468,1.0433278361319498
1.38,0.7674266666667803,0.8231913258848337,0.7116620074487267,1.011119999999888,1.1282395721228191,0.8940004278769569,1.2007466666663789,1.3492291958402092,1.0522641374925483
1.4,0.7703266666667796,0.8261793328010086,0.7144740005325505,1.019959999999875,1.1374535047807306,0.9024664952190197,1.211873333333027,1.3647544611518183,1.0589922055142353
1.42,0.7766866666667774,0.8326243255446966,0.7207490077888584,1.0307799999998586,1.1493480955803141,0.912211904419403,1.2262733333330067,1.3837346904745997,1.0688119761914134
1.44,0.7818400000001083,0.8377379132241586,0.725942086776058,1.041439999999843,1.160034986241315,0.9228450137583708,1.2390533333329894,1.4010228407460157,1.0770838259199633
1.46,0.7871800000001068,0.8426929255978608,0.7316670744023529,1.0521599999998275,1.1715480539308887,0.9327719460687662,1.253526666666321,1.418904492673545,1.088148840659097
1.48,0.7893133333334388,0.8469544559057304,0.7316722107611474,1.0613399999998097,1.1834131195368283,0.9392668804627913,1.265979999999654,1.435663806434608,1.0962961935647
1.5,0.7968533333334378,0.8557317870235914,0.7379748796432841,1.071813333333126,1.1950121852915951,0.9486144813746569,1.2802066666663243,1.455011584782983,1.1054017485496654
1.52,0.8032000000001022,0.8627415844406034,0.743658415559601,1.084086666666444,1.2075061831186236,0.9606671502142641,1.2932533333329912,1.4715106676062317,1.1149959990597504
1.54,0.8071800000000974,0.8675556716541781,0.7468043283460165,1.0940799999997588,1.2176811694009972,0.9704788305985205,1.306233333332992,1.48802203417021,1.124444632495774
1.56,0.8126333333334262,0.873511357133198,0.7517553095336545,1.1140399999997421,1.2381460990433295,0.9899339009561549,1.3196133333329931,1.5061753899312194,1.1330512767347671
1.58,0.817840000000089,0.8798187394455077,0.7558612605546705,1.1352733333330547,1.2596193098846775,1.0109273567814319,1.3334599999996575,1.5241648773831193,1.1427551226161956
1.6,0.8226600000000852,0.8849833381610164,0.7603366618391539,1.1574466666663672,1.2812222843531806,1.0336710489795535,1.351273333332987,1.544797954202295,1.1577487124636787
1.62,0.8264733333334141,0.8895902707347978,0.7633563959320306,1.1791399999996803,1.3025911963649228,1.0556888036344378,1.3697266666663162,1.5644015939991014,1.175051739333531
1.64,0.8310933333334036,0.8962834765866935,0.7659031900801139,1.2003733333329922,1.3243719619108365,1.076374704755148,1.3849799999996424,1.583328345299897,1.1866316546993878
1.66,0.8348933333333963,0.9014042290285513,0.7683824376382414,1.2155066666663081,1.3359202215569508,1.0950931117756657,1.402046666666309,1.6031385281427912,1.2009548051898267
1.68,0.838760000000057,0.9058513749349346,0.7716686250651794,1.2294933333329612,1.345278808466046,1.1137078581998765,1.4209733333329908,1.6231092950319146,1.218837371634067
1.7,0.8433733333333834,0.9121016745205627,0.7746449921462041,1.244693333332946,1.3565832747577278,1.1328033919081644,1.4421933333329973,1.645031515804716,1.2393551508612786
1.72,0.8497533333333773,0.9204450055164108,0.7790616611503438,1.2595133333329316,1.3687397199265128,1.1502869467393502,1.4643799999996718,1.6675763583810197,1.2611836416183237
1.74,0.8518000000000364,0.9236712434011121,0.7799287565989608,1.272513333332915,1.379252743051695,1.1657739236141353,1.4824733333330131,1.6854724449415812,1.2794742217244452
1.76,0.8563600000000291,0.9290487437028356,0.7836712562972226,1.2861199999995665,1.3900021921567822,1.182237807842351,1.5033266666663572,1.7072197491945107,1.2994335841382039
1.78,0.8610066666666875,0.9349338460917256,0.7870794872416494,1.2993399999995496,1.399596113056692,1.1990838869424072,1.523766666666367,1.7273707983953315,1.3201625349374027
1.8,0.8651200000000153,0.9410980756308712,0.7891419243691594,1.311773333332869,1.4101706086863544,1.2133760579793835,1.5451599999997072,1.7493153180196008,1.3410046819798136
1.82,0.867986666666676,0.9457098382809632,0.7902634950523888,1.325293333332854,1.4214062646161238,1.2291804020495842,1.5654333333330477,1.7697334401841618,1.3611332264819338
1.84,0.8688133333333391,0.9463102057539505,0.7913164609127278,1.3390399999995042,1.4339631908478387,1.2441168091511694,1.5851733333330567,1.7898107367228422,1.3805359299432711
1.86,0.8680533333333362,0.9466955895312998,0.7894110771353726,1.3518266666661556,1.4452979350216877,1.2583553983106233,1.6038933333330614,1.808925982306814,1.3988606843593085
1.88,0.8703599999999988,0.9493160329039034,0.7914039670960941,1.3648933333328073,1.4571585973997896,1.272628069265825,1.6226066666663967,1.8273852648419904,1.4178280684908033
1.9,0.8700399999999961,0.949157624164618,0.7909223758353743,1.3765266666661267,1.4669550092590151,1.2860983240732384,1.6394333333330637,1.8433344301830814,1.4355322364830458
1.92,0.8706066666666599,0.9491652464253669,0.7920480869079527,1.3885799999994464,1.479205377258395,1.2979546227404977,1.6556799999997303,1.8577305005075566,1.4536294994919043
1.94,0.8735733333333224,0.9523320466795605,0.7948146199870845,1.4031733333327627,1.4936441026597285,1.312702564005797,1.6749799999997332,1.876255964615005,1.4737040353844617
1.96,0.8745599999999863,0.9533412864291549,0.7957787135708179,1.4169333333327496,1.507752542455569,1.3261141242099306,1.691486666666401,1.8912956227622983,1.4916777105705035
1.98,0.8753866666666503,0.9539357616108588,0.796837571722442,1.4301533333327354,1.521538042037778,1.3387686246276929,1.7086066666664068,1.9074699161583966,1.5097434171744168
2.0,0.8788733333333133,0.9584150602395739,0.7993316064270528,1.444853333332719,1.537242491576885,1.352464175088553,1.7252866666664097,1.9225846183542552,1.5279887149785643
2.02,0.8813466666666409,0.9623321827482753,0.8003611505850067,1.4614999999993825,1.557383587367532,1.3656164126312331,1.7439599999997433,1.9406132763908983,1.5473067236085885
2.04,0.8843399999999705,0.965471860441991,0.80320813955795,1.4762266666660464,1.574133428070877,1.3783199052612156,1.762506666666413,1.9582063849829021,1.5668069483499238
2.06,0.8858266666666331,0.9672840659926795,0.8043692673405869,1.4886333333327098,1.5891525172718761,1.3881141493935432,1.7804399999997513,1.9744349015335338,1.5864450984659686
2.08,0.8906066666666278,0.9730875790663367,0.808125754266919,1.5039666666660394,1.6080003641912743,1.3999329691408047,1.801033333333089,1.9943286417381045,1.6077380249280735
2.1,0.8927933333332914,0.9765607300211537,0.8090259366454291,1.5175599999993714,1.6263670166958677,1.4087529833028751,1.8197666666664245,2.01159722756955,1.6279361057632988
2.12,0.8947266666666212,0.9794809179631219,0.8099724153701205,1.5310533333327028,1.644121267441662,1.4179853992237434,1.837553333333096,2.0290403838804867,1.6460662827857053
2.14,0.896826666666621,0.9815916532757009,0.8120616800575412,1.544939999999366,1.6608821429631109,1.4289978570356214,1.8576799999997637,2.0479784328019623,1.6673815671975651
2.16,0.8973466666666211,0.9824613294932063,0.8122320038400357,1.556393333332701,1.6756984412627007,1.4370882254027013,1.874113333333101,2.0632694315697084,1.6849572350964936
2.18,0.8987066666666211,0.9834089703528313,0.814004362980411,1.5719799999993722,1.6946585563693262,1.449301443629418,1.890979999999773,2.0798952841101177,1.702064715889428
2.2,0.8992333333332881,0.983839663940567,0.8146270027260092,1.586693333332712,1.7141328172548569,1.4592538494105673,1.9087066666664607,2.0968648258524754,1.7205485074804459
2.22,0.899513333333287,0.9839062743668399,0.8151203922997339,1.602193333332719,1.7341348017268436,1.4702518649385943,1.9267866666664912,2.114394839430945,1.7391784939020374
2.24,0.8997199999999528,0.9835474034917084,0.815892596508197,1.6156866666660576,1.7512955188337056,1.48007781449841,1.943946666666518,2.1309487671905987,1.7569445661424372
2.26,0.900359999999952,0.9840432746507007,0.8166767253492033,1.634853333332729,1.7719146686035234,1.4977919980619347,1.962333333333211,2.1493957544721414,1.7752709121942807
2.28,0.9017599999999522,0.9869328185742514,0.816587181425653,1.6570733333327334,1.7948129459849922,1.5193337206804747,1.9800266666665738,2.167304266698409,1.7927490666347388
2.3,0.9004266666666193,0.9854656085016873,0.8153877248315513,1.6763266666660719,1.8136453390505565,1.539007994281587,1.995913333333273,2.1821957000952947,1.8096309665712513
2.32,0.9010733333332875,0.9856769970623108,0.8164696696042641,1.6962266666660761,1.8339835870407115,1.5584697462914412,2.0144733333333105,2.1995674984581557,1.829379168208465
2.34,0.9022599999999537,0.9874714881474909,0.8170485118524163,1.7161399999994138,1.8541041564939242,1.5781758435049031,2.0327933333333705,2.2164440727814885,1.8491425938852524
2.36,0.9014666666666215,0.9864834967244834,0.8164498366087594,1.7288799999994204,1.8640956722295257,1.5936643277693148,2.050520000000104,2.2336270616296945,1.8674129383705138
2.38,0.9031933333332892,0.9884010395306857,0.8179856271358927,1.7432133333327635,1.8758153874044936,1.6106112792610332,2.0717933333335035,2.254031927644685,1.889554739022322
2.4,0.9062866666666232,0.9911139682554989,0.8214593650777475,1.7590933333327732,1.8891634175319079,1.6290232491336383,2.094373333333569,2.2762387068287504,1.912507959838387
2.42,0.9088199999999577,0.9935598856059914,0.8240801143939239,1.771253333332783,1.8990087941452625,1.6434978725203033,2.114433333333633,2.2959979206215984,1.9328687460456684
2.44,0.911526666666625,0.99649984446876,0.8265534888644899,1.7849733333327917,1.9105487389053006,1.6593979277602826,2.1328200000003683,2.3138889155362583,1.951751084464478
2.46,0.911639999999959,0.9972298194742614,0.8260501805256566,1.797459999999468,1.9209266612198825,1.6739933387790533,2.148660000000433,2.329860431044803,1.9674595689560632
2.48,0.9117533333332929,0.9971673602480958,0.82633930641849,1.8123799999994779,1.9340220994039417,1.690737900595014,2.167700000000496,2.347820849144679,1.9875791508563128
2.5,0.9121533333332936,0.9976162054635741,0.8266904612030131,1.8259866666661746,1.9460720103787945,1.7059013229535547,2.186613333333894,2.365999351918145,2.0072273147496436
2.52,0.9127133333332939,0.9970355404879901,0.8283911261785976,1.8384666666662068,1.9566119519915133,1.7203213813409006,2.2056600000006243,2.384305373825783,2.027014626175466
2.54,0.9149933333332938,0.9983635846408487,0.8316230820257388,1.8538399999995727,1.9705059103699987,1.7371740896291468,2.2251666666673553,2.4032273376143856,2.0471059957203255
2.56,0.9188666666666222,1.002292715548777,0.8354406177844674,1.8684399999996062,1.9833796312206036,1.7535003687786088,2.2436200000007562,2.420393345641455,2.0668466543600577
2.58,0.9218266666666186,1.0052835093169725,0.8383698240162647,1.881573333332977,1.995947219780198,1.7671994468857557,2.2637333333341596,2.439900266231103,2.0875664004372165
2.6,0.9254599999999485,1.0103022833101174,0.8406177166897798,1.8971133333330112,2.0105429204900873,1.7836837461759352,2.2835133333342257,2.4589384983897924,2.1080881682786594
2.62,0.9287399999999467,1.0136943421356983,0.8437856578641949,1.9124999999997103,2.0246883390501518,1.8003116609492693,2.303733333334287,2.478926505674648,2.1285401609939263
2.64,0.933393333333277,1.0190069748632902,0.8477796918032638,1.9272799999997399,2.039096286043645,1.8154637139558347,2.3237933333343523,2.4985773755521694,2.1490092911165353
2.66,0.9378466666666081,1.025042847465754,0.8506504858674622,1.940906666666438,2.0527308627279015,1.8290824706049744,2.3433066666677513,2.517396818366069,2.169216514969434
2.68,0.9418399999999386,1.0292217383110396,0.8544582616888378,1.9549866666664701,2.0669043971836367,1.8430689361493033,2.3631200000011487,2.5371678516490115,2.1890721483532865
2.7,0.9451933333332687,1.0335043952988072,0.85688227136773,1.9676599999998383,2.079994640993293,1.8553253590063838,2.3825933333345506,2.556507209921192,2.2086794567479098
2.72,0.9504666666665982,1.0390434848547123,0.861889848478484,1.9831599999998761,2.0959254170611583,1.870394582938594,2.4025133333346194,2.576828848419226,2.228197818250013
2.74,0.9566866666665952,1.044744588300727,0.8686287450324635,1.997766666666576,2.1108309403782997,1.8847023929548525,2.4244733333346846,2.597409374389213,2.251537292280156
2.76,0.9594933333332585,1.0490779669158166,0.8699086997507004,2.009719999999943,2.1227614549361706,1.8966785450637151,2.4416000000014133,2.6143239858601683,2.2688760141426583
2.78,0.963026666666589,1.054366545868366,0.871686787464812,2.0234133333333095,2.1373482144451232,1.9094784522214958,2.4624400000014792,2.6350078182441714,2.2898721817587875
2.8,0.9658133333332541,1.058217575298234,0.8734090913682745,2.0354400000000092,2.150651918956445,1.9202280810435735,2.48151333333488,2.653925026647378,2.3091016400223814
2.82,0.9702266666665847,1.063039440553155,0.8774138927800146,2.0498266666667138,2.165762319664682,1.9338910136687453,2.500760000001613,2.6726783871135558,2.3288416128896703
2.84,0.9736933333332488,1.067683028667159,0.8797036379993387,2.0639466666667468,2.181823186463679,1.9460701468698145,2.5205866666683456,2.6924998243117972,2.348673509024894
2.86,0.9761866666665783,1.0716624333415143,0.8807108999916421,2.0778733333334496,2.197356912264214,1.9583897544026847,2.539380000001743,2.712211539362983,2.3665484606405025
2.88,0.9803666666665743,1.0775797208781563,0.8831536124549925,2.0924133333334836,2.2138454387234465,1.9709812279435202,2.5597666666684726,2.7313529640336407,2.3881803693033046
2.9,0.9836333333332368,1.080944646441878,0.8863220202245957,2.1062000000001837,2.22872128962005,1.9836787103803177,2.5794533333352003,2.7507245370357145,2.408182129634686
2.92,0.9881399999998993,1.0862721067726835,0.8900078932271154,2.120566666666886,2.244356594725705,1.9967767386080664,2.5996333333352637,2.7710588377877996,2.4282078288827282
2.94,0.991826666666562,1.0925450124515086,0.8911083208816155,2.1342133333335847,2.2597982454073295,2.0086284212598393,2.617293333335329,2.788335993901737,2.4462506727689215
2.96,0.9952733333332245,1.0975872580595594,0.8929594086068899,2.146966666666951,2.2747211854413663,2.0192121478925356,2.6355266666687256,2.8069720320710205,2.4640813012664307
2.98,0.9987933333332217,1.1028118785462735,0.89477478812017,2.1601133333336513,2.28980867445079,2.030417992216512,2.654393333335445,2.8252597369801946,2.483526929690695
3.0,1.0045266666665502,1.111075035905572,0.8979782974275283,2.174326666667019,2.3057536496074698,2.042899683726569,2.673880000002135,2.8455387318615593,2.502221268142711
3.02,1.0052933333332137,1.113278114344681,0.8973085523217463,2.18801333333372,2.3210189385661235,2.055007728101316,2.6908933333354943,2.8627148085210052,2.519071858149984
3.04,1.0090933333332102,1.11786374403135,0.9003229226350703,2.2095000000004257,2.3429699950380236,2.0760300049628277,2.7091200000021876,2.8807145359422126,2.5375254640621625
3.06,1.0129533333332057,1.1237725786115016,0.9021340880549096,2.2308400000004656,2.3639652618412437,2.097714738159687,2.7295066666688808,2.902128019826415,2.556885313511346
3.08,1.0181133333332006,1.1296608153700451,0.9065658512963563,2.2531600000005043,2.385982554481053,2.1203374455199557,2.7510466666689064,2.9232541220877812,2.578839211250031
3.1,1.0219333333331921,1.1348444762719445,0.9090221903944395,2.273346666667212,2.406025225531771,2.1406681078026537,2.7709466666689297,2.942076310522802,2.599817022815057
3.12,1.0282266666665165,1.1433382172101791,0.9131151161228539,2.2905400000005836,2.4233753266289026,2.157704673372265,2.7908666666689492,2.9623580487273533,2.619375284610545
3.14,1.032213333333175,1.1485559385428479,0.9158707281235021,2.298473333333944,2.432010769957242,2.164935896710646,2.8106333333356393,2.9814534474745034,2.6398132191967756
3.16,1.035633333333168,1.1543067049221862,0.9169599617441497,2.3040400000006334,2.438032329344658,2.1700476706566083,2.826680000002326,2.999111418643248,2.654248581361404
3.18,1.0403399999998264,1.1609798213964009,0.9197001786032519,2.3109533333339902,2.4452660452711674,2.1766406213968135,2.8469800000023455,3.0197706349111217,2.6741893650935697
3.2,1.0448066666664855,1.167445442536075,0.9221678907968959,2.317146666667352,2.4520418257774077,2.1822515075572966,2.865913333335703,3.038974750704868,2.692851915966538
3.22,1.050219999999811,1.1751625071604912,0.9252774928391305,2.324466666667378,2.4599901195374057,2.1889432137973506,2.8854000000023903,3.059074444681275,2.7117255553235053
3.24,1.0556199999998028,1.1828708948220643,0.9283691051775415,2.33220000000074,2.4675420385513034,2.196857961450177,2.905346666669084,3.078388165932461,2.7323051674057073
3.26,1.0615999999997945,1.1901153977262295,0.9330846022733594,2.340826666667434,2.4757955046341453,2.2058578287007227,2.926806666669104,3.0997162089260524,2.7538971244121555
3.28,1.06573333333312,1.197396715832484,0.9340699508337559,2.347266666667463,2.48369937135342,2.2108339619815056,2.9439400000024625,3.117386978741584,2.7704930212633414
3.3,1.0702199999997788,1.2049139582733424,0.9355260417262155,2.3513200000008236,2.490078934282063,2.2125610657195844,2.9620800000024845,3.1358799846959426,2.788280015309026
3.32,1.076639999999771,1.2129987920531973,0.9402812079463447,2.3589600000008524,2.4988404734529746,2.2190795265487306,2.981753333335842,3.155248823129128,2.8082578435425565
3.34,1.0803066666664298,1.2184908331975204,0.942122500135339,2.36553333333421,2.506231958479103,2.224834708189318,3.000026666669203,3.1737149492104817,2.8263383841279244
3.36,1.086479999999755,1.2263500363036441,0.9466099636958657,2.37365333333424,2.5148661656970113,2.2324405009714683,3.0162933333358866,3.1909849645333423,2.8416017021384308
3.38,1.0919199999997475,1.2342014821807519,0.9496385178187433,2.381673333334267,2.523013432880438,2.2403332337880966,3.032680000002574,3.208497642255845,2.8568623577493026
3.4,1.099739999999739,1.244657897654895,0.9548221023445829,2.3907800000009596,2.532540760987223,2.2490192390146966,3.0513333333359265,3.2273640808302395,2.875302585841613
3.42,1.104659999999731,1.2512625940094788,0.9580574059899837,2.396893333334317,2.5386565653332407,2.2551301013353937,3.0668866666692765,3.2439542185004675,2.889819114838085
3.44,1.1106199999997215,1.2600403834510758,0.9611996165483669,2.4052600000010127,2.5482657350732745,2.262254264928751,3.0849533333359536,3.26350070574931,2.9064059609225974
3.46,1.1177866666663803,1.2682565550410767,0.9673167782916836,2.4132733333343737,2.5569962345980746,2.2695504320706723,3.101000000002629,3.2807136173860223,2.9212863826192357
3.48,1.1279666666663721,1.2793533823323817,0.9765799510003624,2.421026666667736,2.56634314383293,2.2757101895025427,3.118240000002645,3.2995695135657237,2.936910486439566
3.5,1.1365133333330322,1.2884564120548676,0.984570254611197,2.428226666667764,2.574800791865201,2.281652541470327,3.1337266666693226,3.3169086102075953,2.95054472313105
3.52,1.144846666666352,1.2975397135765092,0.9921536197561945,2.4374266666677937,2.586349922850591,2.2885034104849966,3.149986666669341,3.33579668598071,2.9641766473579714
3.54,1.1522266666663403,1.3054428445867114,0.9990104887459693,2.4436066666678187,2.5943447019711137,2.2928686313645237,3.1645000000026857,3.3523124356052025,2.9766875644001694
3.56,1.161513333332993,1.3151351442361066,1.0078915224298794,2.4523733333345117,2.604124336531513,2.3006223301375104,3.1803866666693628,3.3694566983196217,2.9913166350191047
3.58,1.1698466666663134,1.3247283088618593,1.0149650244707675,2.4602666666678714,2.613583691698485,2.306949641637258,3.195573333336043,3.386523365123276,3.0046233015488104
3.6,1.1783666666663006,1.3342097489002165,1.0225235844323848,2.4667133333345626,2.621737256567263,2.3116894101018617,3.210513333336053,3.402771232085218,3.0182554345868886
3.62,1.1861466666662872,1.3427267665812854,1.029566566751289,2.472720000001256,2.629127695658862,2.3163123043436507,3.227366666669399,3.420928345103164,3.0338049882356346
3.64,1.1939933333329407,1.3523111424131762,1.0356755242527054,2.4792866666679485,2.637576239860057,2.32099709347584,3.2423933333360813,3.437513361184582,3.0472733054875807
3.66,1.2011533333329278,1.3605187645556884,1.041787902110167,2.487213333334642,2.6474026071058048,2.327024059563479,3.2576933333361,3.454376949176917,3.061009717495282
3.68,1.2105933333329226,1.3719207914841363,1.0492658751817088,2.4965533333346714,2.658138265961979,2.3349684007073637,3.2747466666694485,3.472614605012275,3.0768787283266223
3.7,1.220453333332921,1.3817335574262266,1.0591731092396155,2.50344666666803,2.6656762980504456,2.3412170352856143,3.290066666669467,3.4884910072456323,3.0916423260933015
3.72,1.228913333332918,1.3913573703058122,1.066469296360024,2.508806666668057,2.6726404207765233,2.344972912559591,3.3061733333361465,3.5061791767298143,3.106167489942479
3.74,1.2396266666662497,1.4025619110630771,1.076691422269422,2.515913333334751,2.680725189058186,2.3511014776113166,3.323853333336134,3.524979221899566,3.1227274447727016
3.76,1.248926666666249,1.413809553791193,1.0840437795413054,2.5222466666681083,2.6887754912510675,2.3557178420851486,3.3382866666694513,3.54002332814328,3.136550005195623
3.78,1.2552799999995823,1.4213020753571886,1.089257924641976,2.5279066666681342,2.6964421990301592,2.3593711343061092,3.351093333336096,3.5542961114774,3.147890555194792
3.8,1.2649066666662478,1.4327880571209866,1.0970252762115091,2.5339933333348283,2.7050077406287683,2.3629789260408884,3.3676333333360735,3.5727238692759924,3.162542797396155
3.82,1.2727199999995815,1.4426642632176687,1.1027757367814943,2.5408800000015237,2.7131400402585406,2.3686199597445063,3.382280000002677,3.5893272805377534,3.175232719467601
3.84,1.2800866666662454,1.4519630666965249,1.1082102666359661,2.54868666666822,2.723654993495595,2.3737183398408455,3.3988666666692624,3.607859378083026,3.1898739552554987
3.86,1.2878066666662458,1.4617294140998813,1.1138839192326104,2.5624733333349226,2.7386568761861723,2.3862897904836724,3.4139133333358527,3.624259339834936,3.2035673268367693
3.88,1.295806666666245,1.4710587224110117,1.1205546109214786,2.584533333334964,2.761824969431363,2.4072416972385655,3.427986666669103,3.6406147234369075,3.215358609901298
3.9,1.3076133333329085,1.4834528092898667,1.1317738573759506,2.6066400000016707,2.7830047546580983,2.430275245345243,3.4441133333356992,3.658461153408263,3.2297655132631355
3.92,1.3204333333328993,1.496650224448182,1.1442164422176164,2.627366666668379,2.8037984203315665,2.450934913005192,3.4606933333356173,3.6765652718190873,3.2448213948521474
3.94,1.3310599999995558,1.5080908589889996,1.154029141010112,2.6476600000017516,2.824371350086735,2.470948649916768,3.47604000000221,3.6945254675291244,3.2575545324752953
3.96,1.3452666666662172,1.522583000340563,1.1679503329918712,2.6642066666684574,2.8409025361065963,2.487510797230318,3.4911866666687996,3.711691620521884,3.270681712815715
3.98,1.355079999999554,1.5324860745424749,1.177673925456633,2.673680000001829,2.8505527471726206,2.4968072528310365,3.5054933333353913,3.728404831220404,3.282581835450378
4.0,1.3654333333328907,1.5432902776057964,1.1875763890599853,2.6809533333351987,2.8596356136692536,2.5022710530011443,3.5179466666686516,3.7434086953289407,3.2924846380083626
4.02,1.377599999999561,1.556538557699104,1.198661442300018,2.691513333335236,2.8712522755051704,2.511774391165301,3.533586666668571,3.7611149248995432,3.3060584084375986
4.04,1.3902599999995675,1.5693245655429557,1.2111954344561793,2.7039133333352745,2.8835443257272653,2.5242823409432837,3.55133333333517,3.7805850273131525,3.3220816393571875
4.06,1.405179999999572,1.5848483390522465,1.2255116609468977,2.7164733333353137,2.8978695797807856,2.5350770868898413,3.5698733333351056,3.801004637253419,3.338742029416792
4.08,1.4185066666662456,1.59794201212265,1.2390713212098414,2.7250000000020163,2.9065725412453594,2.543427458758673,3.5859400000017048,3.8186563873781996,3.35322361262521
4.1,1.4323933333329173,1.6127508367127232,1.2520358299531111,2.7372000000020518,2.920313539517721,2.5540864604863827,3.603793333334972,3.8387631637284954,3.3688235029414484
4.12,1.446633333332921,1.6277839305430655,1.2654827361227767,2.7504666666687565,2.9333299301188576,2.567603403218655,3.6215733333348887,3.8586627901465325,3.3844838765232446
4.14,1.4589666666662602,1.6408685144271373,1.277064818905383,2.7615066666687946,2.944543501043196,2.5784698322943935,3.6386400000014736,3.878243812428321,3.3990361875746262
4.16,1.4710266666662641,1.6531634229468923,1.2888899103856357,2.7730866666688345,2.9559487396394433,2.5902245936982253,3.6556200000013885,3.897772691194572,3.4134673088082055
4.18,1.4848066666662705,1.668518084112363,1.3010952492201775,2.783866666668872,2.9679463662181966,2.599786967119547,3.6717666666679696,3.9172608379514573,3.4262724953844814
4.2,1.4974066666662775,1.6828764009701884,1.3119369323623664,2.7954666666689096,2.9810602036699305,2.6098731296678883,3.6881066666678866,3.9358094358551092,3.4404038974806643
4.22,1.5123066666662843,1.699859187550378,1.3247541457821908,2.8079733333356134,2.994110401494979,2.6218362651762477,3.7069266666678,3.958580929894228,3.4552724034413718
4.24,1.5252933333329588,1.71365530972793,1.336931356937988,2.8192800000023173,3.006101535608009,2.6324584643966253,3.724766666667721,3.979790001305793,3.4697433320296485
4.26,1.5399733333329642,1.7303474411215982,1.34959922554433,2.8335866666689893,3.021700044723199,2.6454732886147796,3.744246666667639,4.002346209927305,3.4861471234079726
4.28,1.5530666666663049,1.7451396128697183,1.3609937204628915,2.845113333335633,3.0340954974069017,2.6561311692643645,3.761206666667563,4.023124679563479,3.499288653771646
4.3,1.5666866666663113,1.7605519667063003,1.372821366626322,2.8571866666689436,3.048643054906071,2.6657302784318158,3.780633333334144,4.045021492863466,3.516245173804823
4.32,1.5803266666663194,1.7756904877203572,1.3849628456122816,2.8690200000022577,3.0610756251372817,2.676964374867233,3.797720000000738,4.064288334068225,3.531151665933251
4.34,1.5925799999996593,1.7892020053633848,1.3959579946359333,2.8808266666689053,3.072869202090287,2.688784131247523,3.8154866666673266,4.085315048172657,3.545658285161997
4.36,1.6045733333330015,1.8035416227402774,1.4056050439257255,2.8913266666688853,3.0852023877322403,2.6974509456055302,3.831586666667246,4.1046095226160375,3.5585638107184545
4.38,1.6210599999996764,1.8213524839697361,1.420767516029617,2.9022333333355275,3.0968112284278058,2.7076554382432496,3.849853333333829,4.125462893396209,3.5742437732714483
4.4,1.6352999999996851,1.837063632336572,1.4335363676627983,2.913806666668837,3.1105470682216363,2.7170662651160375,3.8694066666670826,4.148553619017802,3.5902597143163635
4.42,1.646659999999692,1.8510261405308266,1.4422938594685577,2.92200000000215,3.120693938801374,2.723306061202926,3.8851466666669956,4.168083182317959,3.602210151016032
4.44,1.6617533333330305,1.868806918240436,1.4546997484256252,2.9340133333354648,3.1343351573237785,2.7336915093471506,3.9041800000002493,4.189530036073496,3.618829963927002
4.46,1.674419999999706,1.8834043124977573,1.4654356875016548,2.944080000002104,3.146447582225951,2.7417124177782575,3.9211533333335,4.210528678597445,3.6317779880695547
4.48,1.6890666666663798,1.9025308362407465,1.4756024970920132,2.9557666666687514,3.1610516227354184,2.7504817106020845,3.940780000000081,4.23370958946645,3.6478504105337115
4.5,1.70303999999974,1.9195615829836454,1.486518417015835,2.9682200000020624,3.1745945164719935,2.7618454835321313,3.9585333333333232,4.254393582402366,3.6626730842642807
4.52,1.7163666666664457,1.9359131263858294,1.496820206947062,2.97908666666871,3.188063677305469,2.7701096560319507,3.976006666666577,4.27475826622482,3.6772550671083337
4.54,1.7286199999998193,1.9496755152265326,1.5075644847731058,2.989713333335355,3.1995218232070695,2.77990484346364,3.993073333333154,4.296060568135044,3.690086098531264
4.56,1.7400799999998602,1.9638140598541143,1.5163459401456063,2.999446666668665,3.2102582928836685,2.7886350404536615,4.009293333333071,4.315944602318497,3.702642064347644
4.58,1.7516933333332307,1.9787644321033924,1.5246222345630693,3.0095400000019774,3.224042847415411,2.795037152588544,4.026633333332982,4.337889671779744,3.71537699488622
4.6,1.7655933333332705,1.9959418928566015,1.5352447738099397,3.0206200000019567,3.236789344878416,2.804450655125498,4.044259999999565,4.358985223323645,3.7295347766754867
4.62,1.7787999999999766,2.0121026837761056,1.5454973162238481,3.032333333335264,3.2510681083900823,2.8135985582804457,4.062433333332821,4.3812338550635435,3.7436328116020987
4.64,1.790720000000016,2.026930707409766,1.5545092925902664,3.0406933333352315,3.262223282675087,2.8191633839953756,4.079333333332741,4.402113800495271,3.756552866170212
4.66,1.8023533333333883,2.0426029594612376,1.5621037072055388,3.05176000000186,3.275849312904689,2.827670687099032,4.0955933333326495,4.423135572399528,3.768051094265771
4.68,1.8135200000000953,2.058373266671675,1.5686667333285156,3.061753333335153,3.288813443925705,2.834693222744602,4.112453333332572,4.4441309673683875,3.7807756992967554
4.7,1.826580000000136,2.073130212055833,1.5800297879444392,3.0716266666684438,3.3008927780268316,2.842360555310056,4.128206666665822,4.462491626492118,3.7939217068395257
4.72,1.841366666666843,2.089561890106214,1.5931714432274717,3.084800000001738,3.315021544622883,2.854578455380593,4.1453133333324095,4.48048764856286,3.81013901810196
4.74,1.8541000000002164,2.1052369796839416,1.6029630203164915,3.09743333333503,3.3294001804534767,2.8654664862165826,4.161733333332334,4.4979817050672475,3.82548496159742
4.76,1.8678400000002577,2.1220233048786445,1.6136566951218712,3.1150866666683497,3.346789749601919,2.8833835837347803,4.176839999998929,4.513979533575992,3.8397004664218657
4.78,1.8790800000002978,2.1370495778415615,1.6211104221590344,3.134613333335008,3.3667825859460434,2.902444080723972,4.191406666665517,4.530758210148756,3.8520551231822777
4.8,1.8921466666670026,2.153679705603369,1.630613627730636,3.1566800000016646,3.3885650209374156,2.9247949790659136,4.2075733333321015,4.5486438443939265,3.8665028222702755
4.82,1.9053800000003758,2.169898409475806,1.6408615905249455,3.176586666668328,3.408567919719103,2.9446054136175537,4.223406666665353,4.56573075745444,3.881082575876265
4.84,1.917173333333745,2.184875203693608,1.649471462973882,3.198373333334983,3.430110289447855,2.9666363772221107,4.239113333331944,4.584455606007095,3.8937710606567926
4.86,1.9310200000004512,2.201309710143404,1.6607302898574985,3.2103666666683157,3.4433098871430112,2.9774234461936206,4.254933333331878,4.602827945539393,3.907038721124362
4.88,1.9403200000004697,2.2138400200207093,1.6667999799802302,3.216200000001652,3.451757039851354,2.9806429601519495,4.270439999998462,4.619240464334246,3.9216395356626794
4.9,1.9491133333338195,2.225535593081731,1.6726910735859082,3.2237533333349884,3.460991203778525,2.986515462891452,4.286566666665046,4.637676409649311,3.9354569236807833
4.92,1.9593000000005023,2.2395327171184043,1.6790672828826005,3.2328333333349883,3.4729432710829684,2.992723395587008,4.302419999998308,4.65577616313515,3.9490638368614643
4.94,1.9709533333338531,2.2541565766345566,1.68775009003315,3.241800000001653,3.484734010143063,2.9988659898602434,4.318366666664895,4.6751369293378815,3.9615964039919085
4.96,1.9839933333338726,2.270015819869497,1.697970846798248,3.250633333334987,3.4957328538512,3.0055338128187734,4.336606666664817,4.695170859746941,3.9780424735826942
4.98,1.9935066666672243,2.2832487115557663,1.7037646217786824,3.2585800000016527,3.5051155009553883,3.012044499047917,4.352799999998077,4.7141411753494324,3.9914588246467217
5.0,2.0041066666672416,2.298518525999892,1.7096948073345906,3.2701933333349915,3.519168090441858,3.021218576228125,4.370659999998,4.733831247203577,4.007488752792423
5.02,2.013826666667262,2.3106835743182126,1.716969759016312,3.2772200000016585,3.527386956932446,3.0270530430708713,4.386393333331255,4.752108586304439,4.02067808035807
5.04,2.0233533333339473,2.324107347262277,1.722599319405618,3.2858800000016593,3.5376884880440462,3.0340715119592727,4.40169333333117,4.770267833681617,4.033118832980723
5.06,2.0337000000006324,2.338154331680629,1.7292456683206365,3.2952266666683245,3.5487954922777933,3.0416578410588553,4.41849999999776,4.789544882241645,4.0474551177538745
5.08,2.042493333333981,2.3489661524736483,1.7360205141943137,3.3021466666683206,3.5573192706046597,3.046974062731982,4.43478666666433,4.808503693182976,4.061069640145684
5.1,2.049666666667332,2.3602271239754566,1.7391062093592078,3.309460000001652,3.566844808400283,3.0520751916030218,4.449073333330902,4.8245898647345955,4.073556801927208
5.12,2.0596400000006843,2.374009842627184,1.7452701573741847,3.318173333334987,3.5765820640980106,3.0597646025719634,4.465399999997475,4.842370004861783,4.088429995133166
5.14,2.069893333334037,2.3874788422100335,1.7523078244580408,3.328420000001654,3.5887992224387184,3.06804077756459,4.484039999997375,4.864457243185084,4.103622756809665
5.16,2.0827200000007235,2.403952682417531,1.7614873175839165,3.340433333334986,3.603595294433627,3.077271372236345,4.501993333330612,4.885888178472626,4.118098488188598
5.18,2.091366666667407,2.4162697438338427,1.7664635895009706,3.3470866666683223,3.610981705481181,3.0831916278554634,4.517899999997188,4.9038235428338215,4.131976457160554
5.2,2.1014866666674252,2.4301247511606467,1.7728485821742042,3.355666666668323,3.6222730817634234,3.089060251573223,4.534273333330429,4.922059945512237,4.146486721148619
5.22,2.1131000000007782,2.4462366665091566,1.7799633334923997,3.3635400000016555,3.6330028352105095,3.094077164792801,4.551133333330335,4.941821828915811,4.16044483774486
5.24,2.123026666667463,2.4595921473157554,1.7864611860191708,3.371300000001653,3.6439794611287346,3.098620538874572,4.568853333330246,4.9638926383183835,4.173814028342109
5.26,2.1313400000008174,2.4724679929015347,1.7902120071000998,3.3773400000016567,3.6527217973480584,3.1019582026552555,4.583706666663483,4.981212001002082,4.186201332324883
5.28,2.1403466666675,2.4847497708141306,1.795943562520869,3.3858000000016544,3.6632629243733033,3.1083370756300055,4.600433333330054,5.001896705525028,4.198969961135079
5.3,2.1507133333341866,2.4990996507527057,1.8023270159156677,3.3946600000016565,3.6740118616915316,3.1153081383117818,4.616233333329966,5.0210625046835,4.21140416197643
5.32,2.159473333334206,2.510744331917612,1.8082023347508003,3.402233333334992,3.6838480714845208,3.1206185951854626,4.631713333329875,5.039972943375513,4.223453723284238
5.34,2.1674733333342227,2.522314413569427,1.812632253099019,3.4091866666683273,3.6932016548661064,3.125171678470548,4.646959999996438,5.058177719317924,4.235742280674953
5.36,2.1755466666675773,2.5335262911190006,1.817567042216154,3.4137066666683276,3.698927543168726,3.1284857901679293,4.660413333329672,5.076051720664729,4.244774945994613
5.38,2.1812666666675886,2.54204764671137,1.8204856866238075,3.4219866666683214,3.709351972093372,3.134621361243271,4.676486666662924,5.0957214953077035,4.257251838018145
5.4,2.18519333333427,2.5487067403289263,1.8216799263396133,3.4293066666683187,3.7193669553516644,3.139246377984973,4.691793333329499,5.11442567614483,4.269160990514168
5.42,2.1897066666676177,2.5564199260140796,1.8229934073211556,3.4372000000016247,3.730910395339151,3.1434896046640985,4.708299999996073,5.13343292704819,4.283167072943955
5.44,2.1950800000009667,2.563485559967688,1.826674440034246,3.445000000001601,3.74073947453554,3.1492605254676613,4.723839999995981,5.153303270074961,4.294376729917001
5.46,2.199346666667652,2.570663667495519,1.8280296658397848,3.452793333334908,3.750329969191277,3.1552566974785394,4.740539999995885,5.171938135127295,4.3091418648644755
5.48,2.204593333334334,2.577782390212539,1.8314042764561287,3.4618133333348857,3.763360034689734,3.160266631980038,4.756753333329123,5.192530382717333,4.320976283940913
5.5,2.2077800000010153,2.5833947337774568,1.8321652662245738,3.4676466666681955,3.7725593399949537,3.1627339933414373,4.771226666662367,5.210085454271311,4.332367879053422
5.52,2.211560000001034,2.5900818237325445,1.833038176269523,3.474880000001502,3.782682969481197,3.1670770305218077,4.7860333333289296,5.228396716497297,4.343669950160562
5.54,2.2153533333343796,2.59601800709309,1.8346886595756688,3.4838533333348125,3.7944361214772355,3.1732705451923895,4.8006399999954965,5.247381317341212,4.35389868264978
5.56,2.220473333334395,2.6027226746914427,1.838223991977347,3.4903066666681073,3.8040810705337034,3.176532262802511,4.816533333328737,5.265846855288979,4.367219811368495
5.58,2.224606666667741,2.609238713938026,1.8399746193974562,3.4970600000013854,3.8133826414835377,3.1807373585192327,4.83201333332864,5.284074500952769,4.379952165704511
5.6,2.2296400000010888,2.6162557815887912,1.8430242184133858,3.5034000000013346,3.821651163591767,3.1851488364109017,4.848326666661887,5.30374644029329,4.392906893030483
5.62,2.233926666667768,2.6222017188798015,1.8456516144557342,3.5094600000012854,3.8300627760117028,3.188857223990868,4.8622466666617825,5.322598033150942,4.401895300172623
5.64,2.2390933333344494,2.628499027401063,1.8496876392678354,3.5174266666678946,3.8395406400578986,3.1953126932778906,4.878973333328357,5.343426834334413,4.414519832322301
5.66,2.2448000000011303,2.635401596026777,1.8541984039754835,3.524180000001173,3.8474715137017697,3.200888486300577,4.894379999994937,5.363269101790965,4.42549089819891
5.68,2.248606666667809,2.6398309702793994,1.8573823630562183,3.530633333334457,3.8561148158684047,3.2051518508005095,4.910353333328179,5.3843449630184175,4.43636170363794
5.7,2.2547266666678225,2.647675342698667,1.8617779906369782,3.5431466666677305,3.8700600960887335,3.2162332372467275,4.925973333328087,5.40605445989298,4.445892206763194
5.72,2.25926000000117,2.6539291605834032,1.8645908394189363,3.563260000001009,3.890129532569708,3.23639046743231,4.940926666661324,5.425090608485376,4.456762724837271
5.74,2.2639933333345175,2.66062583431311,1.8673608323559252,3.583313333334287,3.9098511519810084,3.256775514687566,4.956739999994566,5.444000373892244,4.469479626096887
5.76,2.268246666667865,2.666372089350793,1.8701212439849373,3.6036600000009007,3.9294298962166505,3.277890103785151,4.97145333332781,5.462868894091854,4.480037772563766
5.78,2.2716066666678794,2.67150723345574,1.8717060998800188,3.6235533333341854,3.9484559903715395,3.2986506762968313,4.986646666661055,5.481989281718248,4.491304051603861
5.8,2.2766133333345575,2.6786791642126433,1.874547502456472,3.6396333333341397,3.965241247108481,3.3140254195597985,5.003986666660962,5.503280841684053,4.504692491637872
5.82,2.2789200000012375,2.682632591518284,1.8752074084841905,3.6444333333341112,3.9706398417061033,3.318226824962119,5.018259999994206,5.521061650411558,4.515458349576854
5.84,2.2839933333345854,2.688103032345214,1.8798836343239564,3.6533066666674165,3.979308378612868,3.3273049547219657,5.035579999994118,5.543120201200157,4.52803979878808
5.86,2.287053333334598,2.6942712059818303,1.8798354606873655,3.6605933333340546,3.987287925022,3.333898741646109,5.048639999994044,5.559473387505492,4.537806612482594
5.88,2.29133333333461,2.699824724263286,1.8828419424059346,3.667986666667364,3.9953469424998787,3.340626390834849,5.062653333327286,5.577234764909579,4.5480719017449935
5.9,2.296713333334623,2.7071275548229226,1.8862991118463237,3.6772800000006676,4.004696671398805,3.34986332860253,5.076826666660547,5.5954736452934695,4.558179688027625
5.92,2.3005733333346368,2.7127792659265633,1.8883674007427105,3.683360000000638,4.011836800404862,3.3548831995964137,5.087746666660471,5.61036932583831,4.565124007482631
5.94,2.3045400000012983,2.7189778720449675,1.8901021279576296,3.6907200000006086,4.02065923254864,3.360780767452577,5.10215333332709,5.628662744709451,4.575643921944729
5.96,2.3112533333346152,2.7269120752558185,1.895594591413412,3.699820000000577,4.030472027145524,3.3691679728556316,5.116913333327089,5.647467718543659,4.586358948110519
5.98,2.3152066666679394,2.7328822064958396,1.8975311268400394,3.705760000000552,4.036511261658716,3.375008738342388,5.129666666660427,5.664143164580448,4.595190168740404
6.0,2.3208133333345935,2.740109756763002,1.9015169099061848,3.717280000000513,4.049227203415117,3.3853327965859097,5.145379999993756,5.6839282766704455,4.606831723317066
6.02,2.327026666667912,2.747455466805062,1.9065978665307615,3.7255200000004836,4.05768583986349,3.3933541601374766,5.160359999993756,5.7038588714816845,4.616861128505828
6.04,2.3297333333345653,2.7518521504537157,1.907614516215415,3.7332000000004553,4.065912843182815,3.4004871568180963,5.174539999993751,5.7218351103534255,4.627244889634077
6.06,2.3336000000012223,2.757284420211193,1.9099155797912521,3.7406066666670945,4.074487771212252,3.406725562121937,5.186679999993763,5.738208165906595,4.635151834080931
6.08,2.339160000001207,2.764943750666626,1.9133762493357889,3.749306666667063,4.08377376803341,3.4148395653007158,5.201359999993768,5.7575644489051685,4.645155551082367
6.1,2.3440266666678626,2.7714726766438247,1.916580656691901,3.757673333333701,4.092056457283259,3.423290209384144,5.214906666660431,5.775906560906827,4.653906772414035
6.12,2.348080000001184,2.77659283443112,1.9195671655712478,3.7641333333336746,4.099141285878455,3.4291253807888946,5.2270066666604444,5.793128729793782,4.660884603527106
6.14,2.352860000001177,2.78336674711546,1.9223532528868938,3.7735800000003072,4.10927296575445,3.4378870342461645,5.242299999993779,5.8129443820593085,4.671655617928249
6.16,2.357980000001162,2.7913105449642126,1.9246494550381117,3.782006666666938,4.119441536138051,3.4445717971958243,5.257119999993772,5.83162034369606,4.682619656291482
6.18,2.363120000001152,2.7984380175824386,1.9278019824198651,3.7888600000002435,4.127456406019408,3.450263593981079,5.270086666660427,5.84895881096461,4.691214522356245
6.2,2.369833333334471,2.806813377357078,1.9328532893118644,3.7987800000002157,4.137834067896775,3.4597259321036558,5.2852866666604275,5.869046515095155,4.701526818225701
6.22,2.37246666666779,2.812054769384675,1.9328785639509056,3.8036200000001905,4.143507984313561,3.4637320156868197,5.29675333332709,5.884556157699881,4.708950508954301
6.24,2.37824666666778,2.8198716131914328,1.9366217201441271,3.812960000000162,4.154645863368471,3.4712741366318527,5.311513333327086,5.903643957965589,4.719382708688583
6.26,2.3816600000011023,2.82378016717892,1.939539832823285,3.8215466666668028,4.164289880908814,3.4788034524247915,5.325033333327092,5.922570294814534,4.727496371839649
6.28,2.3860866666677576,2.830388601484582,1.9417847318509331,3.828033333333438,4.17243614701655,3.4836305196503266,5.3382333333270875,5.9411213579095445,4.735345308744631
6.3,2.390600000001078,2.8364987841263885,1.9447012158757675,3.837073333333406,4.182788117565566,3.491358549101246,5.354473333327084,5.962253509272628,4.746693157381539
6.32,2.3945666666677323,2.8428387014694954,1.946294631865969,3.846513333333376,4.192505250191212,3.5005214164755403,5.3684066666604195,5.980135350156614,4.756677983164225
6.34,2.399320000001053,2.8497289075837116,1.9489110924183943,3.855086666666676,4.203245206480637,3.5069281268527157,5.384086666660417,6.000143483664546,4.768029849656288
6.36,2.4040466666677074,2.8562676669212568,1.9518256664141576,3.8622799999999793,4.211495967592019,3.513064032407939,5.397886666660416,6.019189139195961,4.7765841941248715
6.38,2.411346666667696,2.865759279205985,1.9569340541294074,3.8731266666666198,4.222969357052035,3.5232839762812045,5.414013333327083,6.0398902631007765,4.7881364035533895
6.4,2.4166333333343513,2.8735627692857104,1.9597038973829928,3.8826733333332566,4.233305223294541,3.532041443371973,5.43098666666041,6.058953730502805,4.803019602818016
6.42,2.422193333334338,2.880781846869617,1.963604819799059,3.890613333333226,4.2421605977001695,3.539066068966283,5.448253333327066,6.079145774236613,4.817360892417518
6.44,2.4271133333343244,2.8859893423781164,1.9682373242905327,3.898586666666525,4.250167076864454,3.5470062564685962,5.466113333327048,6.09988601839482,4.832340648259275
6.46,2.4325266666676435,2.8932910975760078,1.971762235759279,3.9064866666664995,4.259196480137655,3.5537768531953438,5.483099999993703,6.119497842527522,4.846702157459885
6.48,2.438360000000963,2.901449989897587,1.9752700101043397,3.915659999999802,4.269470347685158,3.561849652314446,5.501766666660345,6.139035420436593,4.864497912884097
6.5,2.4420466666676166,2.9066568134861033,1.9774365198491302,3.9222733333331066,4.277449847630268,3.5670968190359456,5.517693333326992,6.157854461987309,4.877532204666675
6.52,2.4477333333342686,2.9142482889949757,1.9812183776735612,3.930213333333082,4.287006323880902,3.573420342785262,5.535539999993654,6.178222683567251,4.892857316420057
6.54,2.4521733333342572,2.92187540848496,1.9824712581835549,3.938259999999718,4.296156341371766,3.5803636586276704,5.553673333326982,6.198744273487977,4.908602393165987
6.56,2.4565200000009124,2.928915879764087,1.984124120237738,3.9456333333330136,4.305907896185853,3.585358770480174,5.570199999993628,6.21759418094528,4.922805819041975
6.58,2.4606200000008998,2.935155268633263,1.9860847313685364,3.954686666666316,4.31665584800113,3.5927174853315025,5.586713333326955,6.236232171093693,4.937194495560217
6.6,2.467920000000861,2.944999012980455,1.9908409870212664,3.964233333332953,4.327420480823508,3.601046185842398,5.606219999993606,6.257512392984966,4.954927607002247
6.62,2.4731066666674915,2.951942972415011,1.9942703609199726,3.972599999999589,4.337270653978464,3.607929346020714,5.622239999993586,6.276961711671546,4.9675182883156275
6.64,2.4784933333341255,2.9596936766729596,1.9972929899952914,3.9802266666662254,4.346409760638408,3.614043572694043,5.638673333326894,6.295137313527792,4.982209353125996
6.66,2.4822666666674196,2.965600788889535,1.9989325444453039,3.988206666666195,4.3556438735768275,3.620769459755562,5.654539999993548,6.313148658739069,4.995931341248029
6.68,2.487780000000715,2.974387865423168,2.0011721345782614,3.996826666666164,4.365784643268733,3.6278686900635955,5.671313333326864,6.3325408872481255,5.010085779405604
6.7,2.493253333334009,2.9825254519307243,2.0039812147372933,4.010619999999458,4.380298212087382,3.640941787911533,5.689499999993518,6.352746491997999,5.026253507989037
6.72,2.4961333333339755,2.9862144857603137,2.006052180907637,4.029473333332732,4.398645231959387,3.6603014347060774,5.705086666660159,6.371684162104217,5.0384891712161
6.74,2.5017666666672738,2.994428016816907,2.009105316517641,4.050039999999348,4.419749891436398,3.680330108562299,5.722653333326809,6.3916002342239855,5.053706432429632
6.76,2.5065933333339054,3.0010266201918885,2.012160046475922,4.070146666665959,4.440292172353239,3.7000011609786787,5.738859999993457,6.410507776651525,5.067212223335388
6.78,2.5107066666672044,3.0073461670219483,2.014067166312461,4.090733333332563,4.461005995985346,3.72046067067978,5.757766666660095,6.4320865314974105,5.08344680182278
6.8,2.5144000000005007,3.0140273566881044,2.014772643312897,4.107439999999189,4.479397771298053,3.7354822287003246,5.774946666660083,6.451866369565782,5.098026963754383
6.82,2.5211666666671264,3.02401412311849,2.0183192102157634,4.1170333333324916,4.4911098090620065,3.742956857602977,5.792653333326733,6.4714369520869255,5.113869714566541
6.84,2.524313333333759,3.0283899012081705,2.020236765459348,4.127219999999126,4.503318076880162,3.7511219231180912,5.808339999993392,6.489657716549356,5.127022283437428
6.86,2.531653333333723,3.0374153163400885,2.025891350327358,4.137673333332436,4.51745993077987,3.7578867358850023,5.824406666660047,6.508399825777331,5.140413507542763
6.88,2.535766666667024,3.043744901450988,2.02778843188306,4.146106666665738,4.529063358246268,3.7631499750852084,5.841813333326701,6.527679043174935,5.1559476234784665
6.9,2.5384333333336526,3.0483900739338408,2.0284765927334645,4.155059999999043,4.540951936531812,3.769168063466274,5.858466666660023,6.546626594398542,5.170306738921504
6.92,2.543233333333615,3.055700409409655,2.0307662572575746,4.1633066666656795,4.552222726136557,3.774390607194802,5.874733333326662,6.565866764255907,5.183599902397418
6.94,2.549740000000241,3.064174231022528,2.035305768977954,4.17274666666565,4.563896331680473,3.7815970016508262,5.889046666659954,6.5806978182956986,5.197395515024211
6.96,2.552980000000205,3.0683524121823322,2.037607587818078,4.1813866666656185,4.574763917485638,3.788009415845599,5.901526666659883,6.593289152876394,5.209764180443372
6.98,2.5576066666668424,3.074864222996285,2.0403491103374,4.189926666665588,4.586078374984827,3.793774958346349,5.914153333326483,6.6060192663611845,5.222287400291781
7.0,2.563726666666805,3.083548956503079,2.043904376830531,4.199239999998889,4.599375367019638,3.79910463297814,5.926859999993073,6.617714874429212,5.236005125556932
7.02,2.566166666666768,3.089190060368681,2.043143272964855,4.2068399999988655,4.61029755464958,3.8033824453481504,5.938906666659671,6.629383578395227,5.248429754924114
7.04,2.5712800000000646,3.096289467073124,2.0462705329270054,4.217933333332173,4.624721366966755,3.811145299697592,5.953679999992952,6.643177763353045,5.264182236632857
7.06,2.5767933333333617,3.1043277682269204,2.0492588984398035,4.228053333332143,4.638588340913117,3.8175183257511693,5.968139999992889,6.65757694241618,5.278703057569598
7.08,2.582379999999992,3.111857016242251,2.0529029837577326,4.238633333332112,4.651966027704002,3.825300638960224,5.982333333326156,6.670878732933142,5.29378793371917
7.1,2.586586666666626,3.1180223307157866,2.0551510026174657,4.246906666665421,4.663976843680925,3.8298364896499164,5.996313333326094,6.684002792232135,5.308623874420052
7.12,2.591586666666588,3.1256890873142087,2.057484246018967,4.256426666665393,4.678089703142847,3.8347636301879384,6.009693333326031,6.695883362763173,5.32350330388889
7.14,2.5966999999998905,3.1336163749133643,2.0597836250864168,4.266299999998698,4.6923802666826,3.840219733314796,6.024993333325962,6.710567082769222,5.339419583882702
7.16,2.600759999999854,3.139816153944635,2.0617038460550727,4.275466666665335,4.7060215957420475,3.844911737588623,6.039019999992569,6.7241366728325636,5.353903327152575
7.18,2.6090333333331497,3.1508600259320776,2.0672066407342222,4.285979999998644,4.720211869122209,3.8517481308750794,6.054366666659173,6.73870688111006,5.370026452208285
7.2,2.6156466666664504,3.1598697086798917,2.071423624653009,4.296199999998614,4.73422358837071,3.85817641162652,6.069519999992444,6.753322404198654,5.385717595786233
7.22,2.62137333333308,3.1677773149936583,2.074969351672501,4.305353333331917,4.7487168639119535,3.86198980275188,6.0816133333257145,6.765190173262697,5.398036493388732
7.24,2.6248333333330365,3.173989691814959,2.0756769748511137,4.314079999998557,4.761137698802627,3.867022301194488,6.093846666658988,6.776758021987041,5.4109353113309355
7.26,2.6302399999996684,3.1813316194993706,2.079148380499966,4.324973333331862,4.775685051210209,3.874261615453515,6.107519999992253,6.789822129342934,5.425217870641575
7.28,2.637359999999636,3.190151242004706,2.084568757994566,4.3354199999985035,4.789690579120427,3.881149420876579,6.122306666658856,6.804429366035717,5.440183967281994
7.3,2.6416666666662643,3.1976583213220278,2.0856750120105003,4.345779999998469,4.804322047468046,3.8872379525288925,6.136293333325461,6.815907806515087,5.456678860135834
7.32,2.6439933333328938,3.2013543220401632,2.086632344625624,4.352386666665112,4.814995294993542,3.8897780383366802,6.148259999992068,6.827762502072664,5.468757497911472
7.34,2.648893333332854,3.2087344184263604,2.089052248239348,4.3633199999984145,4.830522780084366,3.8961172199124623,6.164213333325338,6.843956713990657,5.484469952660018
7.36,2.653653333332818,3.215150580911297,2.0921560857543393,4.3717133333317175,4.841833228005288,3.901593438658148,6.178046666658616,6.857842480366334,5.498250852950898
7.38,2.657833333332784,3.2215810618800282,2.09408560478554,4.380579999998349,4.854681109916131,3.9064788900805665,6.189693333325221,6.869195141328848,5.510191525321593
7.4,2.6619399999994156,3.2287000111874367,2.0951799888113944,4.390479999998317,4.869023414939293,3.911936585057341,6.20380666665849,6.8820176059857605,5.525595727331219
7.42,2.6661599999993806,3.235119442717599,2.097200557281162,4.399373333331623,4.882269028794211,3.9164776378690354,6.217606666658434,6.8960890789438345,5.539124254373035
7.44,2.6735466666660135,3.244949352712762,2.1021439806192643,4.41150666666493,4.898955264356318,3.924058068973541,6.231919999991712,6.910572590301982,5.553267409681443
7.46,2.6784199999993112,3.2518916415617283,2.104948358436894,4.421026666664896,4.913162305070283,3.928891028259509,6.245726666658309,6.923933721702342,5.5675196116142756
7.48,2.6838266666659463,3.2589755775419493,2.108677755789943,4.431859999998195,4.927841968458514,3.935878031537875,6.261179999991583,6.939364096924773,5.582995903058393
7.5,2.6896666666659113,3.2669295470405197,2.1124037862913028,4.441893333331494,4.9430151417445645,3.9407715249184236,6.274473333324851,6.951878711573662,5.59706795507604
7.52,2.695639999999211,3.27468318666398,2.1165968133344415,4.452706666664797,4.957623967242701,3.947789366086894,6.289326666658125,6.967225681548075,5.6114276517681745
7.54,2.700253333332512,3.280670078830452,2.1198365878345715,4.463713333331425,4.973147573590557,3.9542790930722935,6.304239999991397,6.982247016317284,5.62623298366551
7.56,2.705026666665806,3.288037802501306,2.122015530830306,4.474793333331389,4.988545478028213,3.961041188634566,6.318826666658,6.995938711715917,5.641714621600084
7.58,2.7082333333324384,3.2947714603751037,2.121695206289773,4.483939999998031,5.002901191609787,3.964978808386275,6.332226666657945,7.007923909223662,5.656529424092229
7.6,2.713299999999071,3.301919590977711,2.1246804090204305,4.494086666664664,5.017510724812993,3.9706626085163355,6.346853333324545,7.0229778768215825,5.670728789827509
7.62,2.718759999999038,3.3086109658427048,2.128909034155371,4.503879999997972,5.030961753749331,3.9767982462466125,6.36068666665781,7.036547948777466,5.684825384538155
7.64,2.725139999999004,3.3168037244828383,2.13347627551517,4.51636666666461,5.0466901054687066,3.986043227860514,6.376906666657786,7.052829911130735,5.700983422184837
7.66,2.729886666665636,3.3243122884967335,2.135461044834538,4.52663333333125,5.061198793480004,3.992067873182498,6.3920599999911225,7.068802256870846,5.715317743111399
7.68,2.7377733333322647,3.3344075559290176,2.141139110735512,4.538426666664553,5.076571448112082,4.000281885217024,6.408286666657795,7.084910009358373,5.731663323957219
7.7,2.7439399999988905,3.3421511998152114,2.1457288001825696,4.549446666664527,5.090825316531972,4.008068016797082,6.422979999991138,7.100401250787916,5.745558749194359
7.72,2.7486266666655186,3.34921664604564,2.148036687285397,4.5595799999978235,5.104878164339858,4.014281835655788,6.436346666657812,7.1143574673239725,5.758335865991652
7.74,2.7529666666654817,3.35600181181952,2.149931521511444,4.5685799999977865,5.1178012349059845,4.019358765089589,6.449173333324492,7.1280527912508855,5.7702938753980995
7.76,2.7583933333321116,3.3638631614490695,2.152923505215153,4.590299999997707,5.139490869985724,4.04110913000969,6.463733333324499,7.142156685032707,5.785309981616291
7.78,2.7628866666654117,3.369644252050626,2.1561290812801976,4.610966666664292,5.160229902711151,4.061703430617434,6.477206666657849,7.156520532040612,5.7978928012750846
7.8,2.768446666665376,3.377549518202134,2.1593438151286186,4.631279999997547,5.181283968616141,4.081276031378953,6.489439999991186,7.169358627343334,5.809521372639039
7.82,2.775806666665338,3.3867972522461045,2.1648160810845716,4.651553333330803,5.201042019659477,4.102064647002128,6.505253333324524,7.186276740991381,5.824229925657667
7.84,2.7822466666653045,3.393985162826319,2.17050817050429,4.673606666664058,5.223332553362011,4.123880779966103,6.520713333324526,7.202756586960347,5.838670079688705
7.86,2.7866599999986055,3.400855459444763,2.172464540552448,4.676486666664037,5.226158417436146,4.126814915891927,6.532146666657867,7.2140131370671385,5.850280196248595
7.88,2.7923533333318997,3.4081137499136314,2.1765929167501685,4.679799999997353,5.228073101568038,4.131526898426669,6.5473533333245335,7.229959496613439,5.8647471700356295
7.9,2.7970199999985286,3.41479003819345,2.179249961803607,4.684219999997329,5.2315609647330525,4.1368790352616065,6.560033333324542,7.242772880278441,5.877293786370644
7.92,2.8018866666651547,3.422548896157015,2.181224437173294,4.689806666663977,5.2365093786850245,4.14310395464293,6.574106666657885,7.256902318470876,5.891311014844893
7.94,2.806766666665116,3.4298404172288137,2.1836929161014194,4.6925199999972875,5.239579731957446,4.145460268037128,6.587673333324563,7.2701185538583015,5.905228112790825
7.96,2.8149333333317434,3.43922211356701,2.190644553096477,4.697353333330603,5.243298045279001,4.151408621382204,6.602073333324559,7.2854215808462,5.918725085802918
7.98,2.8207199999983765,3.4469317318528354,2.1945082681439176,4.701373333330584,5.247681617821051,4.1550650488401155,6.616699999991238,7.300478298649171,5.9329217013333055
8.0,2.8256799999983397,3.45417594235645,2.1971840576402295,4.703639999997234,5.250385287218293,4.156894712776175,6.631006666657914,7.315585245373488,5.94642808794234
8.02,2.8312533333316376,3.462114645313655,2.20039202134962,4.70726666666388,5.254567948638954,4.159965384688808,6.643166666657917,7.327243989615741,5.959089343700093
8.04,2.836373333331601,3.4681995057172155,2.204547160945986,4.711219999997197,5.258102532589605,4.164337467404789,6.65566666665793,7.340767097803064,5.970566235512796
8.06,2.839659999998226,3.474849093796855,2.2044709061995973,4.716813333330505,5.2644826365530415,4.169144030107968,6.669306666657934,7.355033912112503,5.983579421203366
8.08,2.8459733333315245,3.4834549404463737,2.208491726216675,4.72062666666382,5.269103803831704,4.172149529495936,6.685153333324608,7.370861158635797,5.999445508013419
8.1,2.8511933333314907,3.491226175133112,2.2111604915298697,4.7248733333304695,5.272199181680858,4.1775474849800815,6.698699999991279,7.384834451721453,6.012565548261106
8.12,2.8557599999981194,3.497828056171181,2.213691943825058,4.728059999997117,5.276590442126005,4.179529557868229,6.712433333324638,7.398482748631731,6.026383918017546
8.14,2.861993333331415,3.5062772565043008,2.21770941015853,4.731199999997099,5.280409638167388,4.181990361826808,6.7266599999913455,7.411891091269847,6.041428908712844
8.16,2.868146666664714,3.515100011228227,2.2211933221012004,4.7354199999970765,5.28525300336363,4.185586996630523,6.740039999991384,7.425209714361845,6.054870285620924
8.18,2.872873333331342,3.5225701237762537,2.22317654288643,4.737519999997058,5.28750738227205,4.187532617722066,6.753446666658098,7.438383868946059,6.068509464370136
8.2,2.877986666664639,3.529000299959787,2.2269730333694917,4.739599999997039,5.289256726471115,4.189943273522962,6.7664133333248015,7.452519932345356,6.080306734304246
8.22,2.8837866666646046,3.5369068733499778,2.2306664599792314,4.744013333330352,5.293677690634179,4.194348976026524,6.779586666658186,7.466447204612177,6.092726128704196
8.24,2.887646666664566,3.543583554549028,2.2317097787801043,4.74738666666367,5.296290844956702,4.198482488370638,6.793726666658237,7.481496172243224,6.105957161073252
8.26,2.8944599999978586,3.554004000680028,2.234915999315689,4.7507533333303185,5.299515117659445,4.2019915490011925,6.808146666658265,7.495494575930469,6.12079875738606
8.28,2.8972799999978345,3.5571404393783936,2.2374195606172753,4.755659999996963,5.304231918633524,4.207088081360403,6.822606666658308,7.511515999090875,6.133697334225741
8.3,2.8985399999978156,3.5602029906899895,2.236877009305642,4.758639999996944,5.307185348957656,4.210094651036232,6.8355199999916865,7.524515288345604,6.146524711637768
8.32,2.8994666666644626,3.562321544853865,2.2366117884750603,4.761113333330263,5.30958290167526,4.212643764985265,6.848506666658396,7.53859156736945,6.158421765947341
8.34,2.9013933333311126,3.565022857229448,2.237763809432777,4.762473333330247,5.310809033689362,4.214137632971132,6.862399999991765,7.553356985806281,6.17144301417725
8.36,2.9056399999977596,3.5713240016007526,2.239955998394766,4.7669999999968935,5.314997566447993,4.219002433545793,6.877786666658471,7.56829482244417,6.187278510872773
8.38,2.9110533333310746,3.5781302368997627,2.243976429762387,4.772493333330205,5.3211708420918145,4.223815824568595,6.8939933333251595,7.584720318707549,6.203266347942771
8.4,2.913213333331063,3.5806798364155665,2.2457468302465595,4.777973333330187,5.327760642578958,4.228186024081416,6.905879999991868,7.596940276483628,6.214819723500106
8.42,2.9169066666643793,3.585145028369172,2.2486683049595864,4.781619999996836,5.331014482225114,4.232225517768557,6.919393333325247,7.611060478471109,6.2277261881793855
8.44,2.9207133333310287,3.59121666530641,2.2502100013556476,4.784646666663485,5.3351953742401195,4.23409795908685,6.934793333325287,7.625450543062607,6.244136123587968
8.46,2.922099999997673,3.593710629642359,2.250489370352986,4.787386666663464,5.338194239499217,4.236579093827711,6.949186666658662,7.639418854062934,6.258954479254389
8.48,2.9257466666643195,3.5986310161225514,2.2528623172060875,4.7913733333301005,5.341620741698436,4.241125924961764,6.964059999992042,7.655526472570186,6.272593527413899
8.5,2.9272199999976345,3.6019472913940134,2.2524927086012556,4.794019999996749,5.345476089658249,4.242563910335249,6.976753333325413,7.668395741880195,6.285110924770631
8.52,2.9292999999976157,3.6058093008834184,2.2527906991118134,4.796633333330061,5.347400473100792,4.245866193559332,6.990119999992111,7.682752016215809,6.297487983768413
8.54,2.9301199999975953,3.608822262804325,2.2514177371908657,4.798833333330044,5.350155347107266,4.247511319552823,7.002266666658809,7.6948565406082565,6.309676792709362
8.56,2.933673333330911,3.6138548156085193,2.2534918510533033,4.8027266666633635,5.354374090952349,4.251079242374379,7.0156866666588495,7.709393861789178,6.321979471528521
8.58,2.9374999999975646,3.618040343592755,2.256959656402375,4.807886666663342,5.359603956189122,4.256169377137561,7.03019333332555,7.72501568969304,6.335370976958059
8.6,2.9400799999975495,3.6218864538450792,2.25827354615002,4.811926666663325,5.363641944298255,4.260211389028395,7.04423999999224,7.740369721246549,6.348110278737932
8.62,2.943693333330872,3.627368943888158,2.2600177227735863,4.817179999996637,5.368839065268,4.2655209347252745,7.058733333325628,7.754739089821473,6.362727576829782
8.64,2.9480866666641843,3.6334748194718522,2.2626985138565163,4.8214933333299514,5.37453656418739,4.268450102472514,7.07261333332567,7.769381332502672,6.375845334148669
8.66,2.95162666666417,3.637870460257357,2.2653828730709837,4.825766666663265,5.379677466341341,4.271855866985189,7.08799333332573,7.786142307890835,6.389844358760626
8.68,2.9543866666641505,3.6424481501758486,2.2663251831524525,4.829173333329913,5.384629993484816,4.273716673175009,7.1017333333257735,7.80039825046084,6.403068416190706
8.7,2.9564799999974647,3.646541211642585,2.2664187883523446,4.83346666666322,5.389143851754135,4.277789481572306,7.114953333325818,7.813872307926787,6.416034358724849
8.72,2.959059999997449,3.65079116145718,2.267328838537719,4.836759999996536,5.392678460286906,4.280841539706166,7.130859999992543,7.830414300293239,6.431305699691845
8.74,2.9613266666640974,3.6547575311734706,2.267895802154725,4.841259999996516,5.3978052694884555,4.284714730504575,7.143673333325914,7.8434481671191385,6.443898499532689
8.76,2.9632666666640795,3.658087937259068,2.268445396069091,4.844599999996494,5.401387283068031,4.287812716924958,7.157413333325962,7.857938761691452,6.456887904960473
8.78,2.964459999997395,3.661061158419463,2.267858841575327,4.845486666663143,5.401831007431214,4.289142325895071,7.1691799999926715,7.871175389739047,6.467184610246297
8.8,2.968239999997379,3.6660851815588162,2.2703948184359426,4.848766666663122,5.4055512070648595,4.291982126261385,7.183013333326041,7.886362909997729,6.479663756654354
8.82,2.9708333333306967,3.6701048352757484,2.2715618313856454,4.851793333329772,5.409025040217938,4.294561626441606,7.196993333326087,7.900595802958914,6.493390863693261
8.84,2.975166666664011,3.6761594725623197,2.274173860765702,4.861873333329738,5.419654973644249,4.304091693015226,7.211633333326122,7.915251765053957,6.508014901598288
8.86,2.9775999999973317,3.679735085297221,2.275464914697443,4.881553333329661,5.4394199293986985,4.323686737260624,7.224873333326152,7.929995451946167,6.5197512147061385
8.88,2.9817733333306466,3.6855131686876397,2.2780334979736536,4.903773333329583,5.460909383528841,4.346637283130325,7.2391799999928566,7.945303718067273,6.533056281918441
8.9,2.983573333330636,3.6882342704527984,2.2789123962084736,4.921959999996169,5.479868893539888,4.36405110645245,7.250166666659561,7.957074128346823,6.543259204972299
8.92,2.986473333330628,3.6916512687761074,2.281295397885149,4.942333333329429,5.499626800214346,4.385039866444512,7.263673333326255,7.971818050104973,6.555528616547538
8.94,2.9898599999972832,3.695655227265782,2.284064772728785,4.961406666662683,5.519166627167839,4.4036467061575255,7.279006666659637,7.988157457022147,6.569855876297125
8.96,2.99022666666394,3.696335413456256,2.2841179198716244,4.970359999995968,5.529785983633795,4.410934016358142,7.291753333326341,8.001612235900138,6.581894430752542
8.98,2.9939533333305968,3.7016116818770417,2.2862949847841514,4.980146666662586,5.541319026944325,4.418974306380847,7.3052866666597165,8.016015095687633,6.594558237631801
9.0,2.995433333330588,3.7036556139587993,2.2872110527023763,4.9903866666625305,5.552820060768549,4.427953272556512,7.3189599999930826,8.030138268336572,6.607781731649594
9.02,2.9985533333305794,3.7070719853277345,2.290034681333424,5.002206666662474,5.566097986878547,4.438315346446402,7.335606666659784,8.048779550577406,6.622433782742161
9.04,3.0024599999972335,3.711994274656249,2.2929257253382183,5.0134533333290925,5.578973996233078,4.447932670425106,7.351286666659824,8.06465311320299,6.6379202201166585
9.06,3.003626666663894,3.714250843023139,2.293002490304648,5.020239999995712,5.587966532784038,4.452513467207387,7.36361333332652,8.07809316473203,6.6491335019210105
9.08,3.004273333330554,3.714673354403305,2.2938733122578023,5.026859999995662,5.594947942928343,4.4587720570629825,7.375279999993234,8.091152659966287,6.65940734002018
9.1,3.007199999997214,3.718992997951366,2.2954070020430613,5.037039999995611,5.60712783494102,4.466952165050201,7.388759999993278,8.105219887047268,6.672300112939288
9.12,3.009686666663872,3.722386268875801,2.2969870644519426,5.046526666662232,5.619598340923466,4.473454992400998,7.402319999993323,8.119448854746581,6.685191145240066
9.14,3.009586666663865,3.722467990539272,2.2967053427884587,5.0547799999955165,5.627497625305411,4.482062374685621,7.414819999993362,8.13361088989431,6.696029110092415
9.16,3.0125533333305246,3.726123750234388,2.2989829164266613,5.066459999995461,5.641674436832819,4.491245563158103,7.429006666660095,8.149341274556408,6.708672058763783
9.18,3.015079999997178,3.7292775826394253,2.300882417354931,5.074906666662079,5.651504823291239,4.498308510032919,7.4443999999935215,8.167833535070748,6.720966464916294
9.2,3.0172866666638396,3.7314845450982923,2.3030887882293873,5.0841666666620275,5.662470213493231,4.505863119830823,7.460419999993602,8.186377679623874,6.734462320363328
9.22,3.0166666666638293,3.731679762508863,2.3016535708187957,5.09423999999531,5.674584454240409,4.513895545750209,7.4755399999936785,8.203088523846386,6.74799147614097
9.24,3.0198333333304954,3.734706660069252,2.3049600065917395,5.10434666666193,5.685486207117866,4.523207126205993,7.491719999993763,8.222125845551757,6.761314154435769
9.26,3.0211533333304863,3.7367778440751813,2.305528822585791,5.111859999995211,5.694813535181097,4.5289064648093245,7.5065599999938435,8.239461095273146,6.773658904714541
9.28,3.0224599999971495,3.7389086071123,2.306011392881999,5.119779999995158,5.704018720204547,4.535541279785769,7.520313333327263,8.255754672122876,6.784871994531651
9.3,3.023246666663809,3.741326533696258,2.305166799631359,5.128419999995128,5.7155474252643685,4.541292574725887,7.535239999994001,8.2720829930746,6.798397006913403
9.32,3.0261733333304632,3.7455162321273194,2.3068304345336075,5.138113333328441,5.727055775981291,4.54917089067559,7.549346666660742,8.28879467963291,6.809898653688574
9.34,3.0282133333304553,3.7497193372444677,2.3067073294164433,5.149039999995104,5.740021047845164,4.5580589521450445,7.5630866666608405,8.304163625089975,6.822009708231705
9.36,3.0302466666637824,3.751930460178855,2.30856287314871,5.158673333328424,5.750564714862331,4.566781951794517,7.579819999994276,8.323587531769114,6.836052468219439
9.38,3.0310133333304394,3.754629264225923,2.307397402434956,5.167353333328414,5.762378929068051,4.572327737588777,7.595879999994344,8.340693980261413,6.851066019727275
9.4,3.031619999997099,3.7563031028353593,2.3069368971588378,5.1774333333284,5.774556782658436,4.580309883998363,7.609959999994421,8.357079521066733,6.862840478922109
9.42,3.030626666663756,3.754721597809999,2.306531735517513,5.18592666666172,5.783600630188545,4.588252703134895,7.62475999999458,8.37411720429079,6.87540279569837
9.44,3.031286666663749,3.7554801542343377,2.3070931790931604,5.193559999995038,5.792789750570275,4.5943302494198015,7.638346666661424,8.39002873031271,6.8866646030101375
9.46,3.0318333333304115,3.757148191948789,2.306518474712034,5.202333333328353,5.803834598032595,4.600832068624111,7.651766666661591,8.405743995154303,6.89778933816888
9.48,3.0334533333304026,3.7601536794206227,2.306752987240182,5.21149999999501,5.815556506946535,4.607443493043485,7.666653333328425,8.42221052416079,6.911096142496059
9.5,3.0372999999970585,3.7663287161130574,2.308271283881059,5.2210066666616655,5.827685337557466,4.614327995765866,7.682599999995254,8.439320954380335,6.925879045610175
9.52,3.0366866666637136,3.7666265511956465,2.3067467821317806,5.228126666661665,5.836747862287028,4.619505471036302,7.697119999995435,8.456181546769756,6.938058453221114
9.54,3.0399466666637127,3.7711277333249993,2.308765600002426,5.240893333328321,5.85233731437585,4.629449352280792,7.713319999995607,8.474122490457017,6.9525175095341964
9.56,3.045073333330372,3.776859351098779,2.313287315561965,5.25161999999499,5.865233039707679,4.6380069602823,7.7288133333291,8.491811769051475,6.965814897606724
9.58,3.0478599999970397,3.779553757947431,2.316166242046649,5.2605066666616604,5.876246649237626,4.644766684085695,7.742439999995926,8.507186271873074,6.977693728118778
9.6,3.0498799999970396,3.7818506509188454,2.3179093490752343,5.268466666661668,5.887133877480099,4.649799455843238,7.758153333329435,8.524874355915832,6.991432310743039
9.62,3.053266666663705,3.7856888974640737,2.3208444358633353,5.278919999995001,5.899856365230711,4.657983634759291,7.77331999999627,8.54291152858984,7.003728471402699
9.64,3.056306666663707,3.7889423911019855,2.3236709422254287,5.28740666666167,5.910407175099626,4.664406158223713,7.787199999996422,8.558858989194327,7.015541010798516
9.66,3.0606466666637093,3.79244842690976,2.3288449064176593,5.297459999995008,5.922195064338824,4.672724935651192,7.804213333329928,8.578221465576922,7.030205201082934
9.68,3.065473333330378,3.7979084947246693,2.333038171936087,5.308319999995006,5.9358952263575855,4.6807447736324255,7.819366666663425,8.595271446502208,7.043461886824641
9.7,3.071586666663711,3.803602438437863,2.3395708948895577,5.319399999995013,5.94993931646553,4.688860683524497,7.835573333330267,8.614735071608527,7.056411595052005
9.72,3.076806666663709,3.809707447433085,2.3439058858943334,5.330333333328345,5.964804262794945,4.695862403861746,7.851506666663775,8.632871669889147,7.070141663438403
9.74,3.0780266666637055,3.8106649588463553,2.3453883744810553,5.33965999999501,5.976751037035535,4.702568962954484,7.864846666663944,8.649089429586931,7.080603903740956
9.76,3.0792799999970373,3.812259811708748,2.3463001882853263,5.347633333328347,5.985412593509331,4.709854073147364,7.878786666664102,8.666182705265351,7.091390628062855
9.78,3.0833199999970384,3.816399566342855,2.350240433651222,5.3585399999950125,5.99888089341068,4.718199106579345,7.895166666664265,8.684116458178172,7.106216875150357
9.8,3.0860999999970344,3.8199271811946804,2.352272818799388,5.367339999995012,6.009780001785057,4.724899998204968,7.9078933333310895,8.699450011895532,7.116336654766646
9.82,3.0900999999970336,3.825190806621356,2.355009193372711,5.376973333328353,6.021818355206941,4.732128311449764,7.923919999997924,8.717037630161629,7.130802369834221
9.84,3.0938066666636974,3.8286802778813342,2.358933055446061,5.386699999995027,6.034209383134401,4.739190616855654,7.9385199999980705,8.733796578600778,7.143243421395363
9.86,3.0974333333303674,3.8341199487911246,2.3607467178696107,5.397199999995037,6.047423699902337,4.746976300087735,7.954693333331562,8.751672412732391,7.157714253930733
9.88,3.1004199999970345,3.8367254284298875,2.364114571564182,5.405759999995042,6.058200498593601,4.753319501396483,7.96877333333173,8.768204342044747,7.169342324618713
9.9,3.1052133333303664,3.8422427288381593,2.3681839378225735,5.415726666661708,6.070454805332178,4.760998527991239,7.986806666665219,8.787521414327893,7.186091919002545
9.92,3.1095999999970294,3.8471126378501226,2.372087362143936,5.426086666661704,6.083043189228187,4.7691301440952225,8.004486666665395,8.807698937083794,7.201274396246996
9.94,3.110726666663693,3.8483621722019423,2.373091161125444,5.434693333328379,6.0953377592228914,4.774048907433867,8.016846666665565,8.822352189813756,7.211341143517372
9.96,3.1147133333303594,3.8526284613473947,2.376798205313325,5.444926666661713,6.108116011816845,4.78173732150658,8.032753333332387,8.841472991222785,7.224033675441988
